SC01	1.1105	29/11/2016 15:10:52	Dico pada lentamente	max_TT	67.3227	78.1986	67.5877	-20.8817	21.7800	77.8970	-7.8468	5.1517	51.3946	2.8857	48.6438	4.2641	45.8255	5.4963	42.9970	6.6970	40.2305	8.0903	37.3590	9.2518	34.4499	10.3504	31.3978	10.9272	28.3489	11.4721	25.2503	11.6594	22.1441	11.5828	19.0599	11.3488	16.0099	11.1849	12.9759	11.1770	9.9407	11.1248	6.9225	10.7893	4.1145	8.9648	1.4109	7.1935	-0.9723	4.4395	-3.4155	2.5944	-5.6359	0.3338	-7.8158	-1.6764	-9.8639	-3.7675	-11.8269	-5.8150	-13.7223	-7.8056	-15.5632	-9.7389	-17.2969	-11.7232	-19.1620	-13.3852	-20.8701	-15.2163	-22.4215	-17.1848	-23.9040	-19.1604	-25.6838	-20.7373	-27.1093	-22.6804	-28.2119	-24.8852	-28.9022	-27.3752	-29.8277	-29.5619	-30.8839	-31.5863	-31.8169	-33.6609	-32.3194	-35.9671	-32.8002	-38.2128	-33.7653	-40.1441	-34.9052	-41.9893
SC01	1.1420	29/11/2016 15:10:52	Dico pada lentamente	release_TT	67.5554	76.0935	67.2925	2.3575	1.8387	76.2119	-60.3790	59.6657	50.7194	1.6429	47.9811	2.9196	45.1457	3.9669	42.3850	5.1581	39.6116	6.3341	36.7937	7.4188	33.9099	8.3157	30.9613	8.9727	27.9648	9.3615	24.9688	9.6666	21.9756	9.9143	18.9865	10.1455	15.9889	10.1969	12.9944	10.1765	9.9984	10.1336	7.0072	9.9274	4.2360	8.0877	1.5716	6.2968	-0.7975	3.6468	-3.2643	2.0185	-5.5114	-0.0740	-7.8925	-1.4568	-9.9596	-3.5249	-11.8202	-5.8302	-13.4327	-8.3972	-15.2808	-10.2620	-17.2049	-11.8786	-19.1417	-13.4166	-20.9950	-15.0390	-22.6669	-16.8646	-24.1355	-18.8820	-25.7283	-20.6879	-27.2714	-22.5142	-28.7101	-24.4134	-29.4230	-26.9198	-30.0640	-29.3713	-30.7331	-31.6983	-31.7341	-33.7175	-32.4963	-35.8563	-33.0089	-38.0933	-33.8488	-40.1006	-34.6630	-42.1035
SC01	1.0970	29/11/2016 15:10:52	Dico pada lentamente	target_TT	67.5249	78.4935	67.9073	-33.6494	34.4696	77.7382	34.8396	37.9295	51.2501	2.6197	48.5247	4.0224	45.7435	5.3118	42.9233	6.5116	40.2222	8.0665	37.4155	9.4350	34.5255	10.6355	31.4400	11.1163	28.3390	11.4179	25.2251	11.4808	22.1243	11.3868	19.0465	11.1299	16.0041	10.9129	12.9822	10.8344	9.9598	10.7961	6.9557	10.4513	4.1651	8.5995	1.5034	6.6774	-0.9350	4.2703	-3.4245	2.6288	-5.7508	0.7101	-7.8825	-1.4855	-9.9712	-3.4954	-11.8297	-5.8088	-13.7799	-7.6880	-15.5762	-9.7149	-17.4531	-11.4595	-19.2762	-13.2088	-20.9713	-15.0727	-22.6188	-16.9274	-24.1413	-18.8750	-25.8724	-20.5279	-27.3216	-22.4627	-28.5256	-24.5882	-29.3161	-27.0133	-30.1624	-29.2919	-31.1685	-31.3748	-32.1246	-33.4507	-32.8481	-35.6359	-33.1229	-38.0280	-33.8813	-40.0837	-34.5559	-42.1539
SC01	1.2045	29/11/2016 15:11:03	Dico pata lentamente	max_TT	67.4100	77.6407	67.2810	-34.3418	35.2230	77.7004	-6.1264	3.8490	52.2572	4.4737	49.4091	5.8167	46.1680	6.2670	43.4479	7.8307	40.2311	8.0919	37.2965	9.0492	34.3068	9.8112	31.4432	11.1305	28.3807	11.6471	25.2888	11.9323	22.1935	12.0720	19.1006	12.0165	16.0191	11.6199	12.9758	11.1805	9.9591	10.8089	6.9339	10.6737	3.9220	10.3547	1.3008	7.8078	-1.0240	4.6740	-3.1099	1.4302	-5.5504	0.0538	-7.8446	-1.5940	-9.8387	-3.8312	-11.7702	-5.9435	-13.8431	-7.5588	-15.8289	-9.2468	-17.6339	-11.1542	-19.3129	-13.1521	-20.9822	-15.0572	-22.6045	-16.9460	-24.2972	-18.6874	-26.1102	-20.2638	-27.6799	-22.0953	-28.9936	-24.1450	-30.3058	-26.1478	-31.2120	-28.4453	-31.8976	-30.8330	-32.4972	-33.1961	-33.4215	-35.2767	-34.1758	-37.4251	-35.6658	-39.1540	-36.8050	-41.0935
SC01	1.2380	29/11/2016 15:11:03	Dico pata lentamente	release_TT	66.6030	76.3239	66.6135	2.8877	1.5717	76.2237	-60.5621	59.8259	51.5853	3.2369	48.6340	4.2443	45.5825	4.9497	42.5211	5.5004	39.6366	6.4051	36.8116	7.4769	33.9690	8.5385	31.0507	9.3733	28.0550	9.8572	25.0436	10.1959	22.0210	10.3632	19.0067	10.4759	15.9970	10.5757	12.9919	10.3126	9.9932	10.2229	7.0083	9.9165	4.0006	9.7871	1.4525	6.9615	-0.8591	3.9261	-2.8872	0.5818	-5.3269	-0.6780	-7.5784	-2.3558	-9.7224	-4.1259	-11.6440	-6.2295	-13.4634	-8.3343	-15.2357	-10.3457	-17.0358	-12.1641	-19.0783	-13.5146	-20.8844	-15.1959	-22.7723	-16.7270	-24.2573	-18.7355	-26.0675	-20.3112	-27.5500	-22.2285	-29.0748	-24.0680	-30.2682	-26.1807	-31.0415	-28.5828	-31.7050	-30.9761	-32.3419	-33.3022	-33.2549	-35.3811	-34.3673	-37.3155	-36.0610	-38.9481	-37.5391	-40.7474
SC01	1.1880	29/11/2016 15:11:03	Dico pata lentamente	target_TT	67.4954	77.7023	67.9494	-46.7796	47.2794	77.6023	36.0718	38.5094	52.4214	4.7759	48.9855	4.9574	46.2680	6.4920	43.4706	7.8877	40.6965	9.4125	37.3747	9.3029	34.3226	9.8707	31.4269	11.0575	28.3890	11.6923	25.2858	11.9104	22.1847	11.9857	19.0968	11.9534	16.0232	11.8138	12.9720	11.3889	9.9196	11.4860	6.8712	11.3116	4.0416	9.4911	1.5022	6.6841	-0.7860	3.5947	-3.2534	1.9771	-5.5835	0.1624	-7.8727	-1.5134	-9.9423	-3.5686	-12.0694	-5.2654	-14.1796	-6.8715	-16.1223	-8.7032	-17.9251	-10.6624	-19.5785	-12.7417	-21.5015	-14.3206	-23.1553	-16.2271	-24.6310	-18.2859	-26.1895	-20.1758	-27.9284	-21.8405	-29.5418	-23.6258	-30.4449	-26.0262	-31.1069	-28.5301	-31.8339	-30.8803	-32.9194	-32.9076	-33.7554	-35.0675	-34.6369	-37.1612	-35.9650	-38.9982	-37.2706	-40.8740
SC01	1.0835	29/11/2016 15:11:25	Dico paca lentamente	max_TD	81.0191	64.0911	81.7577	-4.0665	2.2316	65.0255	28.4615	27.5764	45.1844	-8.5458	42.8638	-7.4627	40.4529	-6.5916	38.0989	-5.6186	35.7039	-4.7538	33.2800	-3.9754	30.8310	-3.2850	28.3838	-2.5690	26.0698	-1.0513	23.8662	1.8600	21.4714	4.9189	18.8043	7.1578	15.9337	7.5913	13.0260	8.4705	10.0647	8.9968	6.9120	10.8962	3.7106	11.8814	0.4122	12.7662	-2.7519	12.5101	-5.9546	12.2663	-9.1999	12.0023	-12.3334	11.2535	-15.2731	9.9405	-17.6666	7.4197	-18.9604	2.8944	-19.7236	-2.0312	-20.9622	-5.5338	-22.7284	-7.8743	-24.2028	-10.4890	-24.1732	-14.8985	-24.2087	-18.7939	-24.3851	-22.1792	-25.3667	-24.4671	-26.0971	-26.8880	-26.8448	-29.1742	-27.6605	-31.3102	-28.7175	-33.1963	-29.8110	-35.0315	-30.5350	-37.0851	-31.1362	-39.1655	-31.6189	-41.2623	-32.4030	-43.1690
SC01	1.0710	29/11/2016 15:11:25	Dico paca lentamente	target_TD	81.4716	64.6214	81.8515	23.0980	25.3258	64.7222	19.0773	18.7149	45.1891	-8.5372	42.9401	-7.3078	40.6600	-6.1256	38.2893	-5.1399	35.8776	-4.2611	33.4337	-3.4770	30.9670	-2.7724	28.4535	-2.2570	26.1089	-0.8365	23.8740	1.9154	21.4832	5.0362	18.8361	7.6796	15.9604	8.8482	13.0085	9.4142	9.9930	10.2265	6.8947	11.0724	3.6781	12.1160	0.5341	12.0859	-2.7110	12.3250	-6.1189	12.8922	-9.5469	13.1385	-12.4827	11.6807	-15.1869	9.7222	-17.5331	7.1172	-19.5436	4.0858	-20.8136	-0.0118	-21.9428	-3.8780	-22.8527	-7.6823	-23.5242	-11.4515	-23.5051	-15.7706	-24.0148	-19.0272	-24.5336	-22.0143	-25.6522	-24.1745	-26.3630	-26.6362	-27.2358	-28.8323	-27.9158	-31.1042	-28.8378	-33.1069	-29.8165	-35.0277	-30.7710	-36.9373	-31.5189	-38.9464	-32.1476	-40.9869	-32.8596	-42.9537
SC01	1.3395	29/11/2016 15:11:40	Dico paga lentamente	max_TD	81.8984	71.2453	80.8781	-5.6629	3.3340	70.1426	21.1296	22.2473	48.6462	-2.1735	46.1344	-0.8272	43.5824	0.4495	40.9479	1.5448	38.2704	2.5284	35.5596	3.4169	32.6662	3.6298	29.7700	3.6384	27.0389	4.2736	24.3434	5.2384	21.6893	7.0777	18.8809	8.4134	15.9836	9.9462	12.9758	11.1825	9.8837	12.1023	6.7788	12.2524	3.5972	12.7000	0.4102	12.7776	-2.8702	13.0471	-6.2087	13.2344	-9.4371	12.7789	-12.6235	12.0836	-15.5611	10.6703	-18.3135	8.8859	-20.5840	6.2111	-21.8399	1.8896	-22.0492	-3.6983	-20.8578	-10.7648	-20.5256	-15.7049	-21.1359	-18.8628	-22.2091	-21.1996	-22.8212	-23.9157	-23.7957	-26.0780	-24.7810	-28.1345	-25.9071	-29.9942	-26.3438	-32.3724	-26.8928	-34.5523	-27.6651	-36.4977	-28.3402	-38.4602	-28.9117	-40.4391	-29.5054	-42.3634	-30.2751	-44.1723
SC01	1.3290	29/11/2016 15:11:40	Dico paga lentamente	target_TD	80.7357	71.8966	80.8677	20.2980	22.4953	69.8810	36.1824	37.6358	49.0066	-1.5100	46.4212	-0.2453	43.7559	0.8400	41.1097	1.9516	38.4173	2.9453	35.6895	3.8381	32.8333	4.2593	29.8841	4.1490	27.0984	4.6009	24.3610	5.3628	21.6335	6.5250	18.8170	7.3649	15.9648	9.0597	12.9884	10.5027	9.8425	12.8099	6.7275	12.7754	3.5490	13.0485	0.4343	12.6432	-2.8294	12.8617	-6.1218	12.9032	-9.2830	12.2745	-12.2400	10.9860	-15.3783	10.2072	-18.0206	8.2221	-20.1763	5.3782	-22.1490	2.4622	-22.3220	-3.2375	-21.6657	-9.5164	-20.0756	-16.3433	-21.0134	-19.0227	-22.0607	-21.3781	-22.8779	-23.8527	-23.4411	-26.4416	-24.1326	-28.7486	-25.4534	-30.3910	-26.3407	-32.3748	-27.2847	-34.2610	-27.8583	-36.3657	-28.5072	-38.3556	-29.0142	-40.3804	-29.6577	-42.2840	-30.4474	-44.0911
SC01	1.1905	29/11/2016 15:13:39	Dico pada lentamente	max_TT	68.3292	77.5025	68.2695	-24.9863	26.2280	77.4105	-6.8417	4.1561	51.6829	3.4165	48.8159	4.6134	45.8027	5.4451	42.9710	6.6315	40.0955	7.7071	37.1954	8.7215	34.2713	9.6776	31.2703	10.3563	28.2263	10.7983	25.1541	10.9781	22.0816	10.9643	19.0365	10.9659	16.0058	10.9915	12.9830	10.7935	9.9792	10.4637	6.9781	10.2232	3.9387	10.2342	0.9046	10.0186	-2.0301	9.2368	-4.2717	5.8558	-6.4039	2.8482	-8.1478	-0.7262	-10.4389	-2.3103	-12.5755	-4.1185	-14.4249	-6.3704	-16.2249	-8.5131	-17.6547	-11.1190	-19.9288	-12.2004	-22.2196	-13.3020	-24.3880	-14.6183	-25.5429	-17.1888	-26.4876	-19.8448	-27.3567	-22.4267	-28.5652	-24.5507	-29.3374	-26.9946	-30.0884	-29.3516	-30.8359	-31.6219	-31.8086	-33.6666	-32.2279	-36.0245	-32.4763	-38.3982	-32.6339	-40.7335	-33.4024	-42.6978
SC01	1.2190	29/11/2016 15:13:39	Dico pada lentamente	release_TT	68.1892	75.8921	68.0529	10.6010	9.5253	75.8191	-58.0711	57.2586	50.7102	1.6259	47.9815	2.9204	45.1609	4.0011	42.3898	5.1702	39.5680	6.2105	36.7373	7.2357	33.8582	8.1211	30.9547	8.9430	27.9767	9.4270	24.9775	9.7276	21.9641	9.8003	18.9768	9.9863	15.9875	10.1268	12.9946	10.1661	10.0044	10.0315	7.0045	9.9550	3.9741	9.9784	0.9842	9.5746	-1.9316	8.7900	-4.2119	5.6279	-6.2902	2.4762	-8.1016	-0.8584	-10.2495	-2.7902	-12.3042	-4.7333	-14.1000	-7.0341	-16.0197	-8.8931	-17.7274	-10.9962	-19.5479	-12.7890	-21.3821	-14.4900	-23.7035	-15.5116	-25.2910	-17.4918	-26.6645	-19.6484	-27.3932	-22.3893	-28.3805	-24.7256	-29.3995	-26.9403	-29.9745	-29.4435	-30.9721	-31.5208	-31.3613	-33.9722	-32.0153	-36.1577	-32.1987	-38.5571	-32.5978	-40.7524	-33.0812	-42.8493
SC01	1.1770	29/11/2016 15:13:39	Dico pada lentamente	target_TT	68.7121	78.3966	68.7795	-40.8134	41.7023	77.1692	35.3508	38.4598	52.1904	4.3507	49.3454	5.6875	46.4052	6.8007	43.5177	8.0063	40.5902	9.1107	37.6191	10.0953	34.5007	10.5418	31.3640	10.7760	28.2277	10.8061	25.1558	10.9903	22.0843	10.9911	19.0411	11.0413	16.0073	11.0615	12.9845	10.7131	9.9948	10.1954	7.0227	9.7694	3.9915	9.8533	0.9434	9.8022	-1.8623	8.4760	-4.1577	5.4218	-6.2383	2.3059	-8.2741	-0.3648	-10.5043	-2.1446	-12.7479	-3.7277	-14.6864	-5.8361	-16.4145	-8.1618	-17.8073	-10.8613	-19.7377	-12.4957	-22.2336	-13.2822	-24.6686	-14.2520	-26.3276	-16.2446	-27.2839	-18.9607	-28.0827	-21.6823	-29.1866	-23.9622	-29.9038	-26.4994	-30.5173	-29.0057	-31.2318	-31.3278	-32.3494	-33.2971	-32.6794	-35.7416	-32.7381	-38.2483	-32.6767	-40.7113	-33.4134	-42.6926
SC01	1.1745	29/11/2016 15:13:49	Dico pata lentamente	max_TT	69.5867	78.9823	69.2532	-3.3684	4.3468	78.3155	-6.8169	3.8815	52.0822	4.1515	49.3181	5.6321	46.5092	7.0347	43.6210	8.2660	40.6848	9.3793	37.7047	10.3728	34.6509	11.1079	31.5473	11.5968	28.4356	11.9488	25.3335	12.2487	22.2254	12.3889	19.1347	12.5753	16.0435	12.7693	12.9536	12.3826	9.9069	11.7043	6.8878	11.1432	3.8163	11.1182	0.8773	10.1713	-1.6053	7.3102	-3.9641	4.6843	-6.2381	2.3055	-8.5625	0.4609	-10.6560	-1.7601	-12.4266	-4.4560	-14.3977	-6.4259	-15.9565	-9.0102	-17.7776	-10.9115	-19.4619	-12.9218	-21.6990	-14.0404	-23.7567	-15.4422	-25.2763	-17.5095	-26.2816	-20.0735	-27.3936	-22.3889	-28.6641	-24.4570	-29.3892	-26.9493	-29.8924	-29.5097	-30.9104	-31.5666	-32.1723	-33.4181	-33.0248	-35.5252	-33.3017	-37.9256	-33.5704	-40.2457	-34.2514	-42.2975
SC01	1.2080	29/11/2016 15:13:49	Dico pata lentamente	release_TT	69.0002	75.9507	69.8213	25.4669	24.6925	76.3534	-79.5631	78.6209	50.4134	1.0796	47.8136	2.5797	45.2055	4.1015	42.4288	5.2682	39.6060	6.3183	36.7614	7.3138	33.8733	8.1778	30.9510	8.9265	27.9903	9.5018	25.0145	9.9902	22.0215	10.3681	19.0176	10.6547	16.0024	10.8328	12.9799	10.9587	9.9601	10.7909	6.9438	10.5726	3.9953	9.8255	0.9802	9.5968	-1.8241	8.3026	-4.3290	6.0743	-6.3202	2.5742	-8.3691	-0.0928	-10.4566	-2.2655	-12.3696	-4.5851	-14.0315	-7.1739	-15.7892	-9.3203	-17.6552	-11.1181	-19.5759	-12.7457	-21.4049	-14.4576	-23.3111	-16.0238	-24.6318	-18.2849	-25.8961	-20.5015	-27.1242	-22.6651	-28.3392	-24.7647	-29.2887	-27.0372	-29.8340	-29.5568	-30.6501	-31.7600	-31.5265	-33.8593	-32.3955	-35.9195	-33.5654	-37.7747	-34.0305	-40.0060	-34.9786	-41.9547
SC01	1.1630	29/11/2016 15:13:49	Dico pata lentamente	target_TT	69.1658	79.1261	69.4331	-15.3351	16.2354	78.3247	30.1247	33.0620	52.2841	4.5232	49.5294	6.0609	46.6560	7.3649	43.8016	8.7199	40.8111	9.7377	37.7855	10.6349	34.6878	11.2469	31.5769	11.7293	28.4545	12.0523	25.3614	12.4457	22.2427	12.5596	19.1348	12.5769	16.0399	12.5994	12.9579	12.1473	9.9156	11.5552	6.9016	11.0023	3.8281	11.0333	1.0538	9.1860	-1.4142	6.4434	-3.7135	3.7296	-6.0602	1.7231	-8.4237	0.0635	-10.5367	-2.0624	-12.5895	-4.0868	-14.5913	-6.0305	-16.2680	-8.4332	-18.0541	-10.4446	-19.7429	-12.4876	-21.8978	-13.7585	-24.0034	-15.1202	-25.4668	-17.2803	-26.5647	-19.7592	-27.7080	-22.0665	-29.1377	-24.0085	-29.8946	-26.5074	-30.3798	-29.1166	-31.2868	-31.2869	-32.6518	-33.0905	-33.4614	-35.2517	-33.7678	-37.6587	-33.8636	-40.0929	-34.6514	-42.1089
SC01	1.2835	29/11/2016 15:14:11	Dico paca lentamente	max_TD	81.4649	64.4939	81.3661	-5.2757	3.4809	65.1991	75.2220	73.5264	48.4775	-2.4840	45.2714	-2.5780	41.5425	-4.1402	38.5762	-4.4187	35.8958	-4.2093	33.3985	-3.5911	30.9343	-2.8957	28.6846	-1.2221	26.2692	0.0440	23.8831	1.9796	21.2495	2.7205	18.5947	3.7203	15.8775	4.9409	13.0528	7.0230	10.0410	9.4023	6.9209	10.8060	3.7419	11.6554	0.5164	12.1848	-2.8779	13.0819	-6.2224	13.2868	-9.5246	13.0653	-12.4805	11.6744	-14.8965	8.9862	-16.9881	5.8819	-18.9336	2.8397	-20.7308	-0.1653	-22.4689	-2.9895	-23.3888	-6.8537	-24.0533	-10.7010	-23.4510	-15.8411	-23.8264	-19.2539	-24.5458	-22.0008	-26.0094	-23.8081	-26.8785	-26.1480	-27.3791	-28.7071	-28.1049	-30.9517	-28.6795	-33.2245	-29.6683	-35.1290	-30.5644	-37.0667	-31.5343	-38.9375	-33.1719	-40.4533	-34.5131	-42.1741
SC01	1.3040	29/11/2016 15:14:11	Dico paca lentamente	release_TD	79.9448	66.8712	80.7875	-33.0048	31.9633	66.9950	104.0077	102.8023	49.4444	-0.7042	46.3757	-0.3375	43.0134	-0.8308	39.8003	-1.3408	36.8772	-1.4248	34.1465	-1.1655	31.5441	-0.5980	29.0674	0.4920	26.5012	1.3188	23.9751	2.6310	21.2930	3.1519	18.5871	3.5951	15.8837	5.2297	13.0389	7.7741	10.0214	9.7393	6.8961	11.0589	3.7871	11.3292	0.4899	12.3329	-2.7195	12.3633	-5.8933	12.0331	-9.1946	11.9849	-11.9791	10.2393	-14.7906	8.7179	-16.8567	5.5842	-19.2523	3.4906	-21.1282	0.5711	-22.5730	-2.8138	-22.9061	-7.5997	-23.2265	-11.8737	-23.2665	-16.0820	-23.8623	-19.2106	-24.6376	-21.8989	-26.0686	-23.7475	-27.4426	-25.6138	-28.3741	-27.8369	-28.9322	-30.2843	-29.4068	-32.6840	-29.9076	-34.9654	-30.6152	-37.0348	-31.3719	-39.0305	-32.8324	-40.6301	-34.0872	-42.3749
SC01	1.2710	29/11/2016 15:14:11	Dico paca lentamente	target_TD	81.2463	63.5280	81.3671	20.7520	22.8500	64.3778	51.4336	49.7055	47.8632	-3.6147	44.5650	-4.0111	40.8511	-5.6957	37.9903	-5.8917	35.5098	-5.3049	33.1135	-4.5153	30.6865	-3.8292	28.3866	-2.5564	26.3088	0.2615	23.8785	1.9467	21.2719	2.9431	18.5462	2.9251	15.8555	3.9009	13.0714	6.0142	10.1216	8.0194	6.9770	10.2351	3.7919	11.2943	0.4725	12.4302	-3.0093	13.6778	-6.3256	13.6799	-9.5066	13.0066	-12.4084	11.4680	-15.1505	9.6298	-17.2256	6.4203	-19.0226	3.0215	-20.7190	-0.1870	-22.4692	-2.9891	-23.4796	-6.7134	-23.5128	-11.4676	-23.3193	-16.0131	-23.7136	-19.3896	-25.2702	-21.1965	-25.8481	-23.9736	-26.8028	-26.2198	-27.0518	-28.9932	-28.3220	-30.7766	-28.7957	-33.1381	-29.7565	-35.0687	-30.5868	-37.0527	-31.5146	-38.9488	-33.1468	-40.4664	-34.5119	-42.1747
SC01	1.1895	29/11/2016 15:14:28	Dico paga lentamente	max_TD	81.6041	71.5999	81.4379	-5.5885	3.0670	69.9844	54.7962	55.7976	48.7671	-1.9509	46.1699	-0.7551	43.4757	0.2095	40.8634	1.3322	38.2023	2.3352	35.4975	3.2154	32.7571	3.9725	29.8785	4.1241	26.8683	3.3365	23.9439	2.4102	21.2741	2.9642	18.6457	4.5572	15.9233	7.1008	13.0084	9.4219	9.8988	11.8432	6.6859	13.1987	3.5076	13.3471	0.3830	12.9296	-2.9251	13.2956	-6.3279	13.6884	-9.7535	13.8151	-12.5264	11.8058	-14.9987	9.2451	-17.4124	6.8437	-19.8828	4.7785	-21.2746	0.8421	-22.0888	-3.6314	-22.5926	-8.0841	-23.4190	-11.6007	-23.8604	-15.3069	-24.6409	-18.2740	-25.6107	-20.8184	-26.2721	-23.5388	-26.6899	-26.3267	-26.7542	-29.2535	-27.0997	-31.7626	-27.1413	-34.3676	-27.8126	-36.3968	-28.5090	-38.3545	-29.1735	-40.2892	-29.8998	-42.1579	-30.7465	-43.9501
SC01	1.1800	29/11/2016 15:14:28	Dico paga lentamente	target_TD	81.6423	70.4400	81.5136	21.5187	24.1356	69.3990	64.2319	64.9223	48.2803	-2.8470	45.7078	-1.6925	43.0541	-0.7391	40.4587	0.3147	37.8383	1.3024	35.1750	2.1696	32.4596	2.8515	29.6347	3.0322	26.7198	2.5202	23.8694	1.8828	21.1927	2.1577	18.5975	3.7667	15.9021	6.1020	13.0101	9.3300	9.8949	11.9102	6.6634	13.4275	3.5390	13.1202	0.4485	12.5641	-2.8071	12.7608	-6.1628	13.0595	-9.5674	13.2057	-12.5390	11.8418	-15.1437	9.6127	-17.5934	7.2537	-19.8296	4.6700	-21.4454	1.1586	-22.4559	-3.0116	-23.1964	-7.1511	-23.4873	-11.5038	-23.8225	-15.3563	-24.3566	-18.6159	-25.3589	-21.0980	-25.9409	-23.8785	-26.4904	-26.5156	-26.9727	-29.0624	-27.2790	-31.6179	-27.3984	-34.1765	-27.9444	-36.3068	-28.6711	-38.2529	-29.3459	-40.1905	-30.0659	-42.0714	-30.8918	-43.8815
SC01	1.0035	29/11/2016 15:16:05	Dico pada lentamente	max_TT	68.4769	79.3756	68.4777	-32.0530	32.9342	78.9747	-8.9359	5.9719	51.8890	3.7958	49.3052	5.6060	46.7612	7.6017	43.6902	8.4398	40.5857	9.0980	37.6270	10.1210	34.7518	11.4880	31.7819	12.6475	28.6318	13.0269	25.4847	13.3192	22.3007	13.1347	19.1515	12.8508	16.0326	12.2549	12.9626	11.8929	9.9104	11.6434	6.8802	11.2199	4.0421	9.4881	1.4216	7.1338	-1.0215	4.6629	-3.4989	2.9120	-5.8941	1.1793	-8.1965	-0.5868	-10.2210	-2.8625	-12.1375	-5.1110	-13.7449	-7.7594	-15.4917	-9.8714	-17.0520	-12.1368	-19.0212	-13.6028	-20.7639	-15.3668	-22.2744	-17.3769	-23.3537	-19.8225	-24.5828	-21.9598	-26.1479	-23.6661	-27.6502	-25.4172	-28.6464	-27.5989	-29.4870	-29.8368	-30.1678	-32.1185	-31.2918	-34.0197	-31.6683	-36.3750	-32.3625	-38.4634	-32.9667	-40.5602	-34.1902	-42.3264
SC01	1.0310	29/11/2016 15:16:05	Dico pada lentamente	release_TT	67.5025	77.5235	68.0396	-3.5324	4.6501	77.4000	-63.7207	62.9044	49.9829	0.2872	47.4741	1.8909	45.0275	3.7010	42.3016	4.9485	39.7240	6.6531	37.0462	8.2375	34.2767	9.6979	31.2901	10.4453	28.2710	11.0440	25.2027	11.3226	22.1297	11.4405	19.0607	11.3620	16.0106	11.2201	12.9790	11.0073	9.9522	10.9261	6.9148	10.8682	3.8599	10.8037	1.1944	8.4019	-1.2446	5.6746	-3.2886	2.1111	-5.6516	0.3851	-7.8751	-1.5066	-10.1129	-3.1365	-12.1071	-5.1801	-14.1250	-6.9830	-15.7322	-9.4258	-17.3320	-11.6640	-18.7488	-14.0238	-20.5507	-15.6692	-22.1109	-17.5902	-23.4759	-19.6755	-24.9922	-21.5052	-26.4053	-23.4023	-27.8911	-25.1890	-28.5747	-27.6616	-29.4479	-29.8683	-30.1719	-32.1155	-31.1004	-34.1505	-31.5166	-36.4701	-31.8642	-38.7487	-32.2874	-40.9140	-33.1624	-42.8110
SC01	0.9910	29/11/2016 15:16:05	Dico pada lentamente	target_TT	68.9145	79.3463	69.0987	-42.3965	42.9878	78.8625	32.9819	36.1443	52.3441	4.6337	49.5495	6.1017	46.6940	7.4505	43.6504	8.3398	40.5765	9.0721	37.5876	9.9930	34.7443	11.4597	31.7613	12.5552	28.6693	13.2326	25.5020	13.4411	22.2974	13.1015	19.1323	12.5363	16.0231	11.8078	12.9649	11.7693	9.9077	11.6903	6.8753	11.2699	3.9592	10.0866	1.3202	7.6996	-1.1706	5.3386	-3.5549	3.1253	-5.9966	1.5147	-8.3408	-0.1737	-10.3568	-2.5183	-12.2796	-4.7891	-13.8451	-7.5547	-15.5566	-9.7513	-17.0753	-12.0974	-19.2799	-13.2031	-21.2709	-14.6477	-22.8291	-16.6529	-23.7320	-19.3674	-24.7835	-21.7369	-26.3800	-23.4282	-27.8391	-25.2384	-29.0422	-27.2528	-29.8889	-29.5126	-30.5992	-31.7979	-31.3593	-33.9736	-31.7944	-36.2961	-32.4013	-38.4411	-33.2380	-40.4188	-34.4387	-42.2092
SC01	1.2975	29/11/2016 15:16:15	Dico pata lentamente	max_TT	67.9857	78.2400	68.7369	13.6337	12.2013	77.5709	-5.4550	3.4008	52.3022	4.5564	49.4428	5.8851	46.3623	6.7042	43.3792	7.6581	40.3717	8.4908	37.4305	9.4838	34.4605	10.3904	31.4059	10.9637	28.3396	11.4213	25.2535	11.6821	22.1745	11.8840	19.0962	11.9440	16.0255	11.9232	12.9621	11.9215	9.8895	12.0034	6.8203	11.8306	3.7617	11.5126	0.7924	10.6451	-1.7028	7.7523	-3.8884	4.3959	-5.8798	1.1324	-8.0344	-1.0506	-10.3026	-2.6557	-12.3255	-4.6849	-14.4087	-6.4034	-16.1133	-8.7197	-17.8191	-10.8415	-19.8721	-12.2880	-22.3679	-13.0916	-24.3872	-14.6192	-25.5971	-17.1235	-26.2669	-20.0899	-27.4994	-22.2804	-29.2097	-23.9403	-30.8511	-25.6710	-31.5733	-28.1538	-32.1038	-30.6797	-32.1387	-33.4411	-32.8981	-35.6046	-33.8681	-37.6013	-35.2956	-39.3469	-36.5923	-41.1938
SC01	1.3300	29/11/2016 15:16:15	Dico pata lentamente	release_TT	70.5411	76.3564	70.1769	35.1295	35.1715	76.5683	-48.0270	47.4701	51.1708	2.4738	48.4068	3.7832	45.5138	4.7950	42.6646	5.8611	39.7842	6.8237	36.9023	7.7710	33.9773	8.5698	31.0408	9.3289	28.0730	9.9562	25.0847	10.4869	22.0667	10.8159	19.0435	11.0795	16.0114	11.2546	12.9744	11.2577	9.9294	11.3186	6.8941	11.0786	3.8376	10.9646	0.9416	9.8122	-1.7704	8.0592	-4.2368	5.7231	-6.5245	3.2430	-8.8773	1.3619	-10.7456	-1.5329	-12.5291	-4.2237	-14.0182	-7.2012	-15.9035	-9.1086	-17.7939	-10.8840	-19.8499	-12.3222	-21.8436	-13.8353	-23.7878	-15.4016	-24.9945	-17.8485	-25.9629	-20.4274	-27.1694	-22.6187	-28.8040	-24.3245	-29.8887	-26.5125	-30.5879	-28.9487	-31.1993	-31.3519	-32.3069	-33.3262	-32.6400	-35.7663	-33.1696	-38.0013	-34.2462	-39.8936	-35.7910	-41.5717
SC01	1.2770	29/11/2016 15:16:15	Dico pata lentamente	target_TT	67.8169	76.9572	68.7971	-21.7628	23.4680	77.4572	39.3448	41.4505	52.1899	4.3497	49.0834	5.1560	45.6736	5.1546	42.8371	6.2948	39.9645	7.3354	37.0633	8.2930	34.1314	9.1506	31.3246	10.5996	28.3822	11.6552	25.3417	12.3062	22.1856	11.9944	19.0839	11.7427	16.0186	11.5953	12.9715	11.4136	9.9078	11.6894	6.8201	11.8325	3.7175	11.8314	0.7385	10.9456	-1.8295	8.3269	-4.0352	4.9551	-5.9270	1.2868	-7.9788	-1.2099	-10.1232	-3.1103	-12.4185	-4.4742	-14.5857	-6.0419	-16.4589	-8.0795	-18.0474	-10.4559	-19.8193	-12.3696	-22.0807	-13.4990	-24.0653	-15.0393	-25.5623	-17.1654	-26.5744	-19.7485	-27.9214	-21.8478	-29.5210	-23.6455	-31.1274	-25.4294	-32.3844	-27.4995	-33.1601	-29.8947	-33.4377	-32.5535	-33.2618	-35.3767	-34.1710	-37.4279	-35.4449	-39.2691	-37.1941	-40.9101
SC01	1.1045	29/11/2016 15:16:36	Dico paca lentamente	max_TD	81.5936	67.8022	81.9585	-4.8828	3.1528	67.6525	22.2359	22.3618	47.4001	-4.4671	44.7620	-3.6114	41.9176	-3.2961	39.4420	-2.2416	36.9223	-1.2968	34.3678	-0.4480	31.7830	0.3019	29.1503	0.8634	26.4360	0.9606	23.8169	1.5109	21.1622	1.8558	18.5963	3.7459	15.8843	5.2594	13.0496	7.1970	10.0296	9.5977	6.8360	11.6702	3.5217	13.2453	0.3669	13.0194	-2.7620	12.5561	-6.0235	12.5290	-9.2766	12.2534	-12.5229	11.7958	-15.4988	10.5125	-17.7202	7.5411	-19.9593	4.9349	-21.3926	1.0609	-22.7992	-2.4317	-23.5138	-6.6606	-23.9077	-10.9074	-23.8729	-15.2905	-24.0253	-19.0145	-24.6607	-21.8732	-25.6175	-24.2100	-26.1658	-26.8230	-27.0377	-29.0056	-28.0698	-30.9800	-28.9877	-32.9954	-29.5866	-35.1848	-30.3508	-37.2005	-30.9810	-39.2543	-31.6042	-41.2700	-32.2806	-43.2268
SC01	1.0910	29/11/2016 15:16:36	Dico paca lentamente	target_TD	82.6630	67.8936	82.0043	24.3797	26.6609	67.1949	26.3138	26.7372	47.1643	-4.9013	44.6301	-3.8791	41.9564	-3.2088	39.4799	-2.1464	36.9579	-1.1956	34.3993	-0.3460	31.8064	0.3903	29.1657	0.9324	26.4374	0.9683	23.7453	1.0038	21.0961	1.2016	18.5008	2.1805	15.8616	4.1908	13.0472	7.3224	9.9841	10.3786	6.8082	11.9528	3.6835	12.0767	0.5730	11.8689	-2.5866	11.7606	-5.9618	12.2938	-9.3555	12.5118	-12.8756	12.8054	-15.8890	11.5014	-18.1882	8.6018	-20.1330	5.2897	-21.8804	1.9645	-22.8827	-2.2908	-23.4645	-6.7367	-23.1122	-12.0359	-23.2837	-16.0595	-23.4419	-19.7164	-24.4685	-22.0867	-25.8095	-24.0132	-26.6288	-26.3845	-27.3787	-28.7074	-28.5280	-30.6104	-29.4549	-32.6483	-30.2200	-34.7520	-30.6321	-37.0243	-31.4091	-39.0092	-32.0389	-41.0435	-32.7421	-43.0092
SC01	1.2145	29/11/2016 15:16:52	Dico paga lentamente	max_TD	81.1941	69.0595	81.8429	-3.5915	2.2125	68.4908	37.1017	37.7655	48.2620	-2.8806	45.4886	-2.1374	42.4657	-2.0630	39.9268	-1.0227	37.3554	-0.0678	34.7471	0.7820	32.1055	1.5172	29.4262	2.0987	26.7532	2.7037	24.2471	4.5568	21.7006	7.1896	18.9590	9.6947	15.9908	10.2870	12.9988	9.9411	10.0108	9.9210	6.8976	11.0434	3.5532	13.0181	0.0092	15.0150	-3.5923	16.3219	-6.9116	15.9118	-9.7931	13.9446	-12.3911	11.4187	-14.8694	8.9176	-17.2842	6.5531	-18.9163	2.8043	-20.0152	-1.4910	-20.4659	-6.3718	-21.3218	-10.0477	-21.8340	-13.8489	-22.5595	-17.0048	-22.9178	-20.3469	-23.8923	-22.7263	-24.9109	-24.9345	-25.6715	-27.2911	-26.3667	-29.5923	-27.1208	-31.7455	-27.7888	-33.8864	-28.1741	-36.1498	-28.3829	-38.4334	-28.9709	-40.4052	-29.5353	-42.3478	-30.1684	-44.2226
SC01	1.1990	29/11/2016 15:16:52	Dico paga lentamente	target_TD	81.1464	68.5091	81.7037	19.5961	21.0571	67.7328	51.5404	52.5093	47.8986	-3.5496	45.1815	-2.7603	42.2249	-2.6048	39.7162	-1.5522	37.1639	-0.6113	34.5766	0.2291	31.9643	0.9852	29.3142	1.5973	26.7311	2.5821	24.2949	4.8951	21.6333	6.5234	18.8727	8.2796	15.9678	9.1971	13.0071	9.4900	10.0513	9.2253	7.0335	9.6598	3.6422	12.3756	-0.0071	15.1064	-3.6588	16.6233	-7.0503	16.4403	-9.8847	14.2443	-12.3754	11.3736	-14.4795	7.9293	-16.9705	5.8422	-18.6216	2.2024	-19.6551	-2.1581	-20.2156	-6.7945	-21.0904	-10.4053	-21.6930	-14.0489	-22.4001	-17.2128	-23.1298	-20.0919	-24.4667	-22.0886	-25.2744	-24.5618	-25.6257	-27.3345	-26.6329	-29.3596	-27.5690	-31.3839	-28.3931	-33.4373	-28.5432	-35.8977	-28.7231	-38.2203	-29.3071	-40.2127	-29.8582	-42.1796	-30.5459	-44.0446
SC01	1.1875	29/11/2016 15:18:45	Dico pada lentamente	max_TT	67.6067	79.6215	67.9140	-33.1688	34.2102	78.5987	-8.0147	5.0602	52.4356	4.8021	49.6319	6.2688	46.7699	7.6211	43.8558	8.8562	40.8946	9.9746	37.8845	10.9560	34.8149	11.7257	31.6924	12.2465	28.5443	12.5457	25.4049	12.7538	22.2643	12.7736	19.1237	12.3949	16.0289	12.0801	12.9601	12.0316	9.8845	12.0883	6.8156	11.8783	3.7974	11.2547	1.1956	8.3950	-1.1403	5.2016	-3.1724	1.6684	-5.6205	0.2834	-7.9094	-1.4083	-10.2130	-2.8826	-12.1550	-5.0713	-14.2076	-6.8142	-15.9072	-9.1016	-17.7666	-10.9301	-19.3897	-13.0334	-21.4001	-14.4645	-22.9656	-16.4747	-24.7233	-18.1747	-26.0193	-20.3648	-27.6315	-22.1450	-28.5360	-24.5783	-29.7356	-26.6464	-30.3004	-29.1806	-31.2174	-31.3385	-31.5820	-33.8214	-31.9673	-36.1877	-32.0424	-38.6466	-32.1091	-41.0070	-32.7432	-43.0087
SC01	1.2160	29/11/2016 15:18:45	Dico pada lentamente	release_TT	67.2278	76.7180	67.4737	-3.4904	4.5738	77.0893	-62.2215	61.4586	51.1318	2.4020	48.4597	3.8906	45.7642	5.3586	42.9380	6.5487	40.0068	7.4556	37.0562	8.2700	34.0701	8.9194	31.1204	9.6850	28.1217	10.2235	25.1058	10.6364	22.0677	10.8261	19.0366	10.9668	16.0106	11.2188	12.9721	11.3835	9.9313	11.2851	6.9375	10.6375	3.9312	10.2886	0.9769	9.6155	-1.5064	6.8619	-3.6248	3.3916	-5.4840	-0.1634	-7.7845	-1.7660	-9.9871	-3.4552	-12.1267	-5.1355	-13.9651	-7.3096	-15.6432	-9.5907	-17.3284	-11.6701	-19.2260	-13.2864	-21.0355	-14.9816	-23.1507	-16.2331	-24.5054	-18.4369	-26.2257	-20.1356	-27.1802	-22.6078	-28.7077	-24.4157	-29.6113	-26.7551	-30.3624	-29.1306	-30.8525	-31.6096	-31.5169	-33.8659	-32.2634	-36.0022	-32.5316	-38.3665	-32.4605	-40.8239	-32.5649	-43.0927
SC01	1.1750	29/11/2016 15:18:45	Dico pada lentamente	target_TT	68.4681	79.6696	68.5136	-45.5780	46.2837	78.4580	34.0843	37.2963	52.4613	4.8494	49.6516	6.3088	46.7862	7.6579	43.8703	8.8928	40.9065	10.0083	37.9009	11.0090	34.8272	11.7722	31.7117	12.3329	28.5508	12.5818	25.4044	12.7503	22.2836	12.9648	19.1385	12.6384	16.0313	12.1971	12.9689	11.5564	9.9138	11.5862	6.8620	11.4059	3.7954	11.2693	1.1370	8.7221	-1.2744	5.8097	-3.4607	2.7666	-5.8851	1.1497	-8.1936	-0.5951	-10.2256	-2.8507	-12.1865	-5.0000	-14.0515	-7.1332	-15.8467	-9.2137	-17.7004	-11.0419	-19.5450	-12.7934	-21.6895	-14.0539	-23.7748	-15.4186	-25.3475	-17.4239	-26.6963	-19.6131	-27.6584	-22.1174	-29.1113	-24.0335	-29.8375	-26.5573	-30.6266	-28.9175	-31.3062	-31.2725	-32.0908	-33.4738	-32.3823	-35.9277	-32.3485	-38.4714	-32.3437	-40.8847	-32.9063	-42.9317
SC01	1.1205	29/11/2016 15:18:54	Dico pata lentamente	max_TT	67.8861	79.5110	68.0107	-14.9860	16.1018	78.8632	-7.0362	4.2419	52.4536	4.8351	49.6087	6.2217	46.6781	7.4147	43.7800	8.6657	40.8314	9.7952	37.8383	10.8060	34.7866	11.6189	31.6900	12.2359	28.5627	12.6467	25.4367	12.9789	22.3068	13.1952	19.1791	13.3033	16.0520	13.1733	12.9467	12.7561	9.8744	12.2619	6.8305	11.7263	3.8409	10.9408	1.1087	8.8800	-1.2527	5.7110	-3.4323	2.6584	-5.6728	0.4546	-8.0016	-1.1446	-10.1994	-2.9172	-12.2492	-4.8579	-14.1430	-6.9462	-15.9860	-8.9556	-17.8662	-10.7619	-19.8939	-12.2543	-21.8386	-13.8424	-23.9246	-15.2230	-25.7294	-16.9644	-27.2601	-18.9871	-28.5154	-21.2387	-29.6722	-23.5023	-31.0258	-25.5182	-31.6134	-28.1214	-32.3502	-30.4967	-32.6785	-33.0723	-32.9912	-35.5463	-33.0633	-38.0621	-33.3300	-40.3709	-34.1261	-42.3566
SC01	1.1560	29/11/2016 15:18:54	Dico pata lentamente	release_TT	67.8099	76.6465	68.0782	26.1307	25.2075	77.0147	-79.2160	78.3348	50.8356	1.8568	48.1335	3.2288	45.3688	4.4689	42.5786	5.6449	39.7449	6.7123	36.9227	7.8370	34.0517	8.8503	31.1230	9.6968	28.1231	10.2313	25.1040	10.6238	22.0783	10.9310	19.0445	11.0959	16.0100	11.1893	12.9700	11.4969	9.9108	11.6363	6.8972	11.0468	3.9297	10.2992	0.9029	10.0285	-2.0885	9.5015	-4.4377	6.4882	-6.3001	2.5083	-7.9765	-1.2165	-10.1579	-3.0223	-12.1399	-5.1057	-14.0878	-7.0589	-15.8426	-9.2214	-17.7552	-10.9494	-20.1859	-11.8031	-22.4694	-12.9476	-24.2962	-14.7381	-25.3292	-17.4458	-26.5678	-19.7558	-28.0402	-21.7259	-29.4821	-23.6823	-30.8083	-25.7084	-31.5607	-28.1640	-32.1780	-30.6246	-32.4708	-33.2142	-32.9233	-35.5888	-33.1628	-38.0051	-33.5930	-40.2339	-34.3764	-42.2386
SC01	1.1060	29/11/2016 15:18:54	Dico pata lentamente	target_TT	68.5587	79.3480	68.3011	-29.3465	30.0827	78.7935	36.1366	38.8260	52.5061	4.9319	49.6146	6.2338	46.6134	7.2692	43.7161	8.5049	40.7744	9.6335	37.7874	10.6412	34.7447	11.4613	31.6611	12.1063	28.5478	12.5651	25.4189	12.8527	22.2882	13.0101	19.1630	13.0403	16.0473	12.9490	12.9534	12.3912	9.8871	12.0439	6.8734	11.2892	3.9921	9.8485	1.4115	7.1903	-0.9372	4.2802	-3.3019	2.1618	-5.7497	0.7064	-8.2234	-0.5096	-10.5335	-2.0704	-12.7697	-3.6784	-14.6215	-5.9689	-16.4126	-8.1653	-18.0782	-10.4038	-20.0667	-11.9872	-22.1320	-13.4263	-24.3376	-14.6840	-26.0467	-16.5826	-27.3291	-18.9104	-28.4031	-21.3538	-29.6988	-23.4770	-31.1384	-25.4198	-31.7445	-28.0157	-32.4581	-30.4164	-32.9364	-32.8960	-33.2747	-35.3687	-33.3781	-37.8818	-33.4856	-40.2898	-34.2724	-42.2876
SC01	1.0825	29/11/2016 15:19:14	Dico paca lentamente	max_TD	80.9473	67.3894	81.7505	-3.1166	1.8597	67.3647	25.0835	25.3315	46.7662	-5.6342	44.2608	-4.6283	41.6267	-3.9507	39.1628	-2.9438	36.6684	-2.0174	34.1412	-1.1829	31.6771	-0.0971	29.0310	0.3288	26.3201	0.3237	23.5847	-0.1334	20.9574	-0.1731	18.4434	1.2392	15.8194	2.1967	13.1008	4.4265	10.2317	6.1303	7.1414	8.5612	3.9878	9.8798	0.7790	10.7197	-2.4334	11.0659	-5.6461	11.0913	-8.8669	10.9121	-12.3097	11.1857	-15.5903	10.7444	-18.3098	8.8773	-20.4751	5.9885	-21.5274	1.3105	-22.7112	-2.5804	-23.6228	-6.4922	-24.8776	-9.5317	-24.7782	-14.1088	-24.2339	-18.7635	-24.3381	-22.2314	-25.0829	-24.7581	-26.4008	-26.6005	-27.5932	-28.5198	-28.7003	-30.4714	-28.9589	-33.0168	-29.1221	-35.5022	-29.7531	-37.5750	-30.5784	-39.4848	-31.2023	-41.4793	-31.9118	-43.4006
SC01	1.0670	29/11/2016 15:19:14	Dico paca lentamente	target_TD	81.6504	66.8947	81.6671	21.2364	22.8653	66.8503	27.8282	27.8664	46.9170	-5.3564	44.3344	-4.4790	41.5682	-4.0824	39.1111	-3.0738	36.6205	-2.1530	34.0985	-1.3213	31.5502	-0.5752	28.9391	-0.0824	26.3576	0.5298	23.7393	0.9611	21.0624	0.8668	18.4298	1.0167	15.7991	1.2408	13.1097	3.9470	10.2322	6.1224	7.1088	8.8933	3.9251	10.3329	0.6837	11.2515	-2.5249	11.4806	-5.5690	10.7978	-9.0353	11.4634	-12.5417	11.8495	-16.0065	11.7992	-18.6269	9.5961	-20.6534	6.3528	-21.5607	1.3722	-22.7925	-2.4431	-23.9796	-5.9408	-25.0569	-9.2774	-24.5954	-14.3475	-24.0686	-18.9625	-24.3455	-22.2232	-25.5649	-24.2640	-26.3597	-26.6393	-27.6089	-28.5061	-28.7613	-30.4222	-29.6224	-32.5238	-29.8756	-34.9873	-30.0570	-37.3846	-30.7195	-39.4040	-31.4219	-41.3649	-32.1645	-43.2815
SC01	1.2295	29/11/2016 15:19:29	Dico paga lentamente	max_TD	83.1657	70.1287	83.0506	-7.2937	4.8447	69.7792	34.2960	34.8396	48.7642	-1.9562	45.9549	-1.1914	42.8896	-1.1093	40.3183	-0.0384	37.7064	0.9280	35.0578	1.7896	32.3798	2.5506	29.6165	2.9508	26.7005	2.4143	23.8544	1.7765	21.3018	3.2393	18.7306	5.9492	15.9478	8.2543	13.0158	9.0216	10.0082	9.9661	6.8384	11.6460	3.5624	12.9518	0.3005	13.3895	-2.9223	13.2831	-6.3197	13.6571	-9.7757	13.8875	-13.0415	13.2800	-15.5246	10.5780	-17.6476	7.3765	-18.9173	2.8064	-19.5867	-2.2848	-20.2581	-6.7228	-21.0275	-10.5026	-22.6310	-12.7185	-23.2806	-16.0636	-23.9493	-19.1060	-24.3656	-22.2009	-25.2460	-24.5910	-26.6240	-26.3890	-27.0711	-28.9764	-27.2577	-31.6351	-27.2507	-34.2863	-28.0748	-36.2177	-28.9287	-38.0915	-29.7123	-39.9807	-30.3355	-41.9310	-31.0604	-43.8021
SC01	1.2170	29/11/2016 15:19:29	Dico paga lentamente	target_TD	82.8123	70.0424	82.9641	25.5699	28.0647	69.3466	44.2619	45.1736	48.4078	-2.6123	45.7205	-1.6668	42.8570	-1.1825	40.2835	-0.1259	37.6756	0.8407	35.0308	1.7019	32.3576	2.4671	29.5607	2.7012	26.6437	2.1021	23.8035	1.4163	21.2727	2.9507	18.7091	5.5954	15.9339	7.6010	13.0301	8.2483	9.9971	10.1563	6.7441	12.6056	3.3953	14.1578	0.2823	13.4911	-2.9226	13.2846	-6.2313	13.3206	-9.7159	13.6917	-12.9249	12.9463	-15.3330	10.0924	-17.3699	6.7474	-18.5686	2.0940	-19.3909	-2.6476	-20.1853	-6.8457	-21.1182	-10.3624	-22.6829	-12.6448	-23.2910	-16.0499	-23.9940	-19.0522	-24.4980	-22.0538	-25.3103	-24.5250	-26.4078	-26.5938	-27.2013	-28.8625	-27.6177	-31.3447	-27.6465	-33.9922	-28.2093	-36.1258	-29.0759	-37.9993	-29.8500	-39.9019	-30.4972	-41.8467	-31.2237	-43.7251
SC01	1.2075	29/11/2016 15:21:30	Dico pada lentamente	max_TT	68.3307	81.8044	68.2108	-29.6345	30.3860	81.1383	-9.1343	5.6190	53.3465	6.4789	50.5491	8.1297	47.7239	9.7677	44.7437	11.0888	41.6743	12.1869	38.5596	13.1453	35.3749	13.8356	32.1543	14.3149	28.9194	14.6069	25.6784	14.6904	22.4417	14.5311	19.2247	14.0523	16.0597	13.5369	12.9386	13.1911	9.8285	13.0489	6.9039	10.9795	4.1412	8.7720	1.7148	5.4975	-0.8485	3.8781	-3.2691	2.0369	-5.7948	0.8541	-8.1483	-0.7248	-10.2160	-2.8751	-11.9951	-5.4338	-13.6155	-8.0237	-15.3624	-10.1109	-17.4073	-11.5368	-19.5245	-12.8251	-21.7056	-14.0312	-23.2862	-16.0563	-24.5721	-18.3567	-25.5857	-20.8462	-26.7873	-23.0106	-28.2531	-24.8462	-29.1009	-27.2014	-29.8799	-29.5198	-30.4408	-31.9156	-31.3461	-33.9826	-31.6047	-36.4149	-31.8334	-38.7663	-32.4060	-40.8523	-33.4276	-42.6860
SC01	1.2370	29/11/2016 15:21:30	Dico pada lentamente	release_TT	67.7814	79.3171	67.8449	-7.0343	7.7438	79.2212	-77.4803	76.5076	51.7284	3.5002	48.9595	4.9045	46.3137	6.5948	43.6080	8.2331	40.8137	9.7451	37.8006	10.6840	34.7368	11.4315	31.6397	12.0108	28.5110	12.3628	25.3800	12.5780	22.2568	12.6992	19.1453	12.7487	16.0421	12.7023	12.9501	12.5686	9.8721	12.3009	6.8181	11.8524	3.9760	9.9652	1.3907	7.3063	-0.9150	4.1799	-3.2527	1.9744	-5.6245	0.2965	-7.9671	-1.2434	-10.0859	-3.2049	-12.0420	-5.3275	-13.6700	-7.9125	-15.3482	-10.1373	-16.9033	-12.3879	-18.8323	-13.8948	-20.9435	-15.1121	-22.7374	-16.7726	-24.0487	-18.9864	-25.1649	-21.3134	-26.7147	-23.0850	-28.1986	-24.8978	-28.9782	-27.3088	-29.4435	-29.8719	-30.0033	-32.2407	-30.8937	-34.2917	-31.6817	-36.3667	-31.8662	-38.7475	-32.9998	-40.5429	-33.7474	-42.5352
SC01	1.1950	29/11/2016 15:21:30	Dico pada lentamente	target_TT	68.8406	81.9000	68.6200	-38.7421	39.3867	80.9289	40.6342	44.3916	53.6798	7.0924	50.7098	8.4558	47.6295	9.5553	44.6367	10.8197	41.6007	11.9781	38.5233	13.0274	35.3994	13.9279	32.1976	14.5089	28.9514	14.7827	25.6642	14.5895	22.3941	14.0592	19.1943	13.5523	16.0509	13.1189	12.9412	13.0526	9.8399	12.8543	6.8693	11.3316	4.1117	8.9851	1.6307	5.9669	-0.8709	3.9795	-3.3553	2.3650	-5.8639	1.0801	-8.3164	-0.2435	-10.4194	-2.3597	-12.2720	-4.8062	-13.7828	-7.6820	-15.5339	-9.7933	-17.4903	-11.3966	-19.6356	-12.6535	-21.7668	-13.9443	-23.4886	-15.7921	-25.0091	-17.8309	-26.1479	-20.2220	-27.3479	-22.4358	-28.5429	-24.5718	-29.3466	-26.9866	-30.0900	-29.3504	-30.7668	-31.6733	-31.7083	-33.7351	-32.0176	-36.1563	-32.2273	-38.5408	-32.7514	-40.6724	-33.7249	-42.5458
SC01	1.1575	29/11/2016 15:21:40	Dico pata lentamente	max_TT	67.2879	80.9337	67.6981	-19.6819	20.5173	80.3623	-7.9422	5.1517	53.2822	6.3605	50.3316	7.6884	47.3254	8.8710	44.4163	10.2657	41.4430	11.5307	38.3376	12.4251	35.1515	12.9940	31.9430	13.3685	28.7560	13.7093	25.5645	13.8838	22.3612	13.7339	19.1853	13.4056	16.0464	12.9094	12.9520	12.4709	9.8743	12.2630	6.7947	12.0905	3.7486	11.6072	1.0202	9.3739	-1.2970	5.9121	-3.4324	2.6589	-5.5223	-0.0380	-7.8043	-1.7092	-9.7171	-4.1394	-11.7577	-5.9718	-13.5406	-8.1767	-15.4280	-9.9895	-17.1728	-11.9328	-19.1210	-13.4486	-21.2112	-14.7324	-22.9065	-16.5519	-24.3582	-18.6140	-25.8014	-20.6067	-27.2827	-22.5026	-28.7864	-24.3411	-29.9777	-26.4347	-31.0959	-28.5389	-31.8985	-30.8323	-32.5071	-33.1894	-33.3840	-35.3002	-34.9917	-36.9580	-37.0447	-38.4357	-38.8614	-40.1240
SC01	1.1910	29/11/2016 15:21:40	Dico pata lentamente	release_TT	67.4423	78.1088	67.3445	2.9221	2.2812	78.3993	-74.4591	73.5779	51.9717	3.9481	49.1228	5.2359	46.2557	6.4643	43.2915	7.4373	40.3485	8.4249	37.3967	9.3740	34.4268	10.2636	31.4101	10.9825	28.3477	11.4654	25.2697	11.7966	22.1923	12.0606	19.1112	12.1903	16.0276	12.0211	12.9645	11.7917	9.9159	11.5489	6.8802	11.2205	3.8693	10.7352	0.9087	9.9960	-1.6448	7.4896	-3.8141	4.1126	-5.7637	0.7523	-7.8552	-1.5635	-10.0382	-3.3258	-11.9684	-5.4943	-13.8101	-7.6263	-15.5064	-9.8442	-17.1802	-11.9203	-19.0445	-13.5668	-21.0856	-14.9106	-22.7556	-16.7488	-24.5019	-18.4411	-26.0324	-20.3503	-27.5873	-22.1903	-28.8126	-24.3164	-29.5742	-26.7876	-30.6360	-28.9099	-31.4918	-31.1345	-32.5124	-33.1857	-33.3794	-35.3031	-34.4678	-37.2580	-36.5851	-38.6751	-38.2252	-40.4239
SC01	1.1410	29/11/2016 15:21:40	Dico pata lentamente	target_TT	68.0779	80.7635	68.1298	-33.1383	33.7791	80.0901	42.2554	45.1393	53.5151	6.7891	50.4623	7.9536	47.2347	8.6670	44.2815	9.9265	41.2805	11.0696	38.2343	12.0904	35.1078	12.8295	31.9481	13.3915	28.7866	13.8775	25.6176	14.2597	22.3806	13.9261	19.1755	13.2449	16.0351	12.3732	12.9607	11.9984	9.8781	12.1978	6.8005	12.0315	3.9173	10.3887	1.3926	7.2958	-0.9016	4.1187	-3.3067	2.1798	-5.7656	0.7586	-8.0649	-0.9635	-10.2239	-2.8552	-12.1897	-4.9928	-14.0311	-7.1748	-15.7288	-9.4322	-17.4202	-11.5151	-19.3605	-13.0785	-21.4376	-14.4112	-23.4632	-15.8253	-24.9791	-17.8671	-26.1910	-20.1742	-27.3363	-22.4477	-28.7714	-24.3553	-29.8961	-26.5061	-31.0372	-28.5862	-32.0012	-30.7560	-33.0326	-32.8303	-33.8801	-34.9893	-35.1026	-36.8945	-36.7918	-38.5674	-38.2640	-40.4057
SC01	1.2105	29/11/2016 15:22:01	Dico paca lentamente	max_TD	83.3695	68.3876	83.7263	-4.6597	2.5196	68.5043	30.9486	31.0421	47.5688	-4.1567	44.9589	-3.2120	42.1839	-2.6969	39.6813	-1.6401	37.1434	-0.6695	34.5648	0.1907	31.9331	0.8678	29.0811	0.5535	26.4576	1.0795	23.9994	2.8028	21.5487	5.6847	18.8290	7.5626	15.9513	8.4215	13.0173	8.9411	10.0444	9.3452	7.0849	9.1361	3.9087	10.4513	0.3289	13.2311	-3.6171	16.4344	-7.2897	17.3522	-10.5722	16.4952	-13.1087	13.4723	-15.6412	10.8732	-17.3481	6.6978	-19.3347	3.6590	-20.2247	-1.1029	-21.8211	-4.0835	-23.2280	-7.1023	-24.0620	-10.6886	-23.5070	-15.7681	-22.8514	-20.4268	-23.6254	-23.0227	-25.0405	-24.8017	-26.3729	-26.6269	-27.0554	-28.9901	-27.9158	-31.1042	-28.5204	-33.3427	-29.3583	-35.3407	-29.9532	-37.4496	-30.7168	-39.4056	-32.4900	-40.8085	-33.9268	-42.4506
SC01	1.1990	29/11/2016 15:22:01	Dico paca lentamente	target_TD	83.4722	68.5925	83.6849	23.0408	25.3143	68.0271	32.9094	33.1421	47.6861	-3.9407	45.0723	-2.9820	42.2927	-2.4522	39.7818	-1.3872	37.2318	-0.4187	34.6448	0.4502	31.9857	1.0657	29.2814	1.4504	26.5214	1.4302	24.0603	3.2342	21.5086	5.2878	18.8271	7.5307	15.9399	7.8817	13.0370	7.8780	10.0986	8.4146	7.1020	8.9623	3.8680	10.7451	0.2312	13.7762	-3.7203	16.9023	-7.3824	17.7052	-10.5058	16.2780	-13.1425	13.5693	-15.5411	10.6196	-17.4415	6.9095	-18.7555	2.4759	-20.0957	-1.3418	-21.6980	-4.2914	-23.2131	-7.1253	-23.8663	-10.9663	-23.2530	-16.0996	-23.3111	-19.8738	-24.3515	-22.2166	-25.7710	-24.0526	-26.8133	-26.2098	-27.4318	-28.6610	-28.2818	-30.8090	-29.1654	-32.8634	-29.7270	-35.0888	-30.3326	-37.2119	-30.9114	-39.2942	-32.3489	-40.8820	-33.5947	-42.6072
SC01	1.2445	29/11/2016 15:22:16	Dico paga lentamente	max_TD	82.6157	69.7026	83.1764	-5.0316	3.2406	69.3434	20.0844	20.6871	48.1770	-3.0372	45.5192	-2.0752	42.6838	-1.5724	40.1347	-0.4998	37.5433	0.4654	34.9146	1.3252	32.2704	2.1387	29.5053	2.4529	26.7374	2.6168	23.8756	1.9263	21.2030	2.2599	18.6336	4.3579	15.9066	6.3122	13.0152	9.0532	10.0011	10.0868	6.7868	12.1712	3.5773	12.8441	0.3051	13.3643	-3.0653	13.9316	-6.4093	13.9986	-9.7184	13.7001	-12.8600	12.7607	-15.8552	11.4156	-18.2104	8.6521	-19.7039	4.4131	-20.6066	-0.3953	-21.5475	-4.5455	-22.5334	-8.1756	-23.1353	-12.0031	-23.7092	-15.5042	-23.8546	-19.2199	-24.4764	-22.0779	-25.2070	-24.6310	-26.5603	-26.4494	-27.3931	-28.6947	-28.0282	-31.0136	-28.1878	-33.5899	-28.4969	-35.9293	-28.6639	-38.2574	-29.2075	-40.2697	-29.9963	-42.1076	-30.8251	-43.9130
SC01	1.2300	29/11/2016 15:22:16	Dico paga lentamente	target_TD	83.1202	69.4545	83.0703	25.5203	27.5726	68.8359	29.4762	29.9873	47.6464	-4.0138	45.1730	-2.7776	42.6446	-1.6605	40.0916	-0.6084	37.5049	0.3563	34.8853	1.2302	32.2068	1.8989	29.4279	2.1063	26.6318	2.0367	23.9386	2.3722	21.3557	3.7727	18.7134	5.6661	15.9479	8.2623	12.9882	10.5122	9.8617	12.4794	6.7062	12.9920	3.5679	12.9116	0.2076	13.9081	-3.3395	15.1750	-7.0190	16.3208	-10.1122	14.9891	-13.0265	13.2370	-15.6592	10.9189	-18.3212	8.9031	-20.0358	5.0912	-21.3508	0.9833	-21.5321	-4.5715	-22.6101	-8.0570	-22.5520	-12.8306	-23.7112	-15.5016	-23.5894	-19.5390	-24.7110	-21.8174	-25.4161	-24.4165	-26.8191	-26.2043	-27.6534	-28.4672	-28.2854	-30.8061	-28.9219	-33.0443	-29.2610	-35.4072	-29.5254	-37.7176	-29.6595	-40.0109	-30.4924	-41.8492	-31.3741	-43.6541
SC01	1.1045	29/11/2016 15:24:12	Dico pada lentamente	max_TT	67.8854	80.4730	67.6166	-35.0704	35.9592	79.7007	-9.0027	5.6686	52.8837	5.6270	50.0019	7.0195	47.0389	8.2264	44.0888	9.4421	41.0990	10.5547	38.0933	11.6331	35.0333	12.5487	31.9206	13.2684	28.7537	13.6963	25.5735	13.9473	22.4226	14.3420	19.2195	13.9666	16.0647	13.7716	12.9413	13.0469	9.8399	12.8535	6.7321	12.7285	3.7414	11.6592	0.8240	10.4686	-1.5697	7.1487	-3.7640	3.9219	-5.7718	0.7787	-8.0014	-1.1452	-10.1751	-2.9789	-12.2024	-4.9640	-13.8766	-7.4904	-15.6258	-9.6230	-17.2183	-11.8560	-19.0815	-13.5097	-21.0011	-15.0304	-22.6993	-16.8223	-24.1730	-18.8368	-25.4130	-21.0380	-26.7963	-23.0014	-28.1738	-24.9214	-28.9802	-27.3070	-29.7166	-29.6515	-30.4921	-31.8774	-31.4530	-33.9096	-32.1561	-36.0695	-32.9329	-38.1368	-34.6148	-39.7016	-36.0368	-41.4558
SC01	1.1360	29/11/2016 15:24:12	Dico pada lentamente	release_TT	67.1005	77.6120	67.0881	0.2937	0.8125	77.5469	-78.3997	77.5146	51.2699	2.6562	48.5708	4.1161	45.8373	5.5229	43.0066	6.7211	40.1517	7.8666	37.2423	8.8735	34.2994	9.7835	31.3054	10.5138	28.2758	11.0705	25.2189	11.4367	22.1532	11.6734	19.0943	11.9136	16.0327	12.2633	12.9564	12.2293	9.8966	11.8802	6.9107	10.9099	3.9398	10.2265	0.9506	9.7622	-1.9711	8.9692	-4.1519	5.3994	-5.9943	1.5074	-7.7425	-1.8862	-9.9745	-3.4872	-12.0386	-5.3351	-13.8557	-7.5330	-15.6111	-9.6502	-17.2710	-11.7670	-18.9478	-13.7162	-20.7753	-15.3507	-22.6303	-16.9124	-24.2343	-18.7631	-25.5912	-20.8401	-26.7907	-23.0071	-28.0381	-25.0499	-29.0693	-27.2291	-29.8542	-29.5405	-30.5466	-31.8370	-31.3277	-33.9952	-32.0654	-36.1263	-33.0624	-38.0626	-34.2198	-39.9074	-35.5035	-41.7072
SC01	1.0920	29/11/2016 15:24:12	Dico pada lentamente	target_TT	68.1912	80.4036	68.1337	-45.2347	45.8870	79.4285	36.0603	39.3333	53.1222	6.0658	50.1456	7.3111	47.0290	8.2043	44.0778	9.4145	41.0899	10.5287	38.0752	11.5745	35.0155	12.4816	31.8979	13.1667	28.7309	13.5711	25.5532	13.8037	22.4065	14.1829	19.2004	13.6526	16.0590	13.5003	12.9513	12.5078	9.8617	12.4790	6.8157	11.8770	3.8245	11.0590	1.0866	9.0031	-1.3248	6.0382	-3.5322	3.0391	-5.8715	1.1051	-8.1022	-0.8565	-10.2544	-2.7777	-12.2061	-4.9557	-13.9850	-7.2689	-15.7298	-9.4304	-17.2967	-11.7236	-19.1359	-13.4256	-21.1509	-14.8179	-22.7637	-16.7383	-24.2874	-18.6993	-25.5856	-20.8463	-27.0783	-22.7122	-28.4644	-24.6461	-29.1797	-27.1325	-29.8873	-29.5139	-30.6020	-31.7958	-31.5349	-33.8536	-32.3284	-35.9615	-33.0235	-38.0849	-34.3995	-39.8137	-35.5902	-41.6663
SC01	1.0725	29/11/2016 15:24:22	Dico pata lentamente	max_TT	66.9185	79.4926	67.3463	-32.5871	33.7334	78.8088	-8.7566	5.7468	52.7237	5.3323	49.8526	6.7167	46.8945	7.9016	43.9598	9.1178	40.9810	10.2196	37.9598	11.2001	34.7818	11.6011	31.6547	12.0777	28.5154	12.3869	25.4313	12.9409	22.2909	13.0375	19.1578	12.9546	16.0441	12.7969	12.9510	12.5215	9.8922	11.9559	6.8678	11.3464	3.7122	11.8698	0.7174	11.0636	-1.7490	7.9620	-3.5523	3.1154	-5.4115	-0.4009	-7.6824	-2.0580	-9.8458	-3.8133	-11.9111	-5.6243	-13.9528	-7.3347	-15.7036	-9.4788	-17.3344	-11.6599	-18.8230	-13.9090	-20.9636	-15.0836	-23.0708	-16.3375	-24.5588	-18.3727	-25.8834	-20.5157	-27.1377	-22.6513	-28.6674	-24.4539	-29.9961	-26.4186	-30.7092	-28.8508	-31.6626	-31.0076	-32.3020	-33.3295	-33.2683	-35.3727	-34.1313	-37.4506	-35.6100	-39.1831	-36.8842	-41.0562
SC01	1.1070	29/11/2016 15:24:22	Dico pata lentamente	release_TT	66.7880	76.6264	67.0970	8.0872	7.0724	76.7240	-80.6541	79.8302	51.0841	2.3143	48.3548	3.6777	45.5589	4.8965	42.7416	6.0547	39.8856	7.1116	36.9836	8.0345	34.0466	8.8308	31.0895	9.5470	28.1062	10.1385	25.1022	10.6109	22.0761	10.9099	19.0479	11.1524	16.0126	11.3148	12.9715	11.4144	9.9329	11.2582	6.8924	11.0965	3.8953	10.5481	0.9330	9.8603	-1.9025	8.6580	-4.0777	5.1170	-5.9914	1.4978	-7.6394	-2.1812	-9.7311	-4.1040	-11.7339	-6.0258	-13.5641	-8.1287	-15.4190	-10.0061	-17.1034	-12.0499	-18.8519	-13.8643	-20.8714	-15.2145	-22.5270	-17.0472	-24.3935	-18.5715	-25.7143	-20.7034	-27.1872	-22.6006	-28.2381	-24.8604	-29.6549	-26.7170	-30.6152	-28.9267	-31.5504	-31.0910	-32.1027	-33.4657	-33.0862	-35.4868	-34.0556	-37.4940	-34.9994	-39.5012	-36.0466	-41.4511
SC01	1.0600	29/11/2016 15:24:22	Dico pata lentamente	target_TT	68.0705	79.2738	67.9699	-46.2875	47.1611	78.7105	30.8914	33.6876	52.3787	4.6974	49.5585	6.1200	46.6752	7.4082	43.7568	8.6073	40.7979	9.7001	37.8003	10.6829	34.7257	11.3896	31.6410	12.0162	28.5282	12.4573	25.4132	12.8125	22.2834	12.9628	19.1594	12.9805	16.0383	12.5272	12.9576	12.1646	9.9201	11.4779	6.8818	11.2044	3.8516	10.8633	0.9829	9.5818	-1.5133	6.8929	-3.5620	3.1523	-5.7274	0.6335	-8.0624	-0.9704	-10.2373	-2.8210	-12.1638	-5.0514	-13.8398	-7.5655	-15.6142	-9.6444	-17.2661	-11.7753	-19.0289	-13.5910	-21.0360	-14.9809	-23.1901	-16.1817	-24.9965	-17.8462	-26.3855	-19.9581	-27.5000	-22.2799	-29.0541	-24.0876	-30.5269	-25.9545	-31.4645	-28.2415	-32.0676	-30.7066	-32.7101	-33.0506	-33.6025	-35.1632	-34.3508	-37.3249	-35.5046	-39.2380	-36.5710	-41.2039
SC01	1.1095	29/11/2016 15:24:42	Dico paca lentamente	max_TD	81.6706	68.9025	82.6025	-5.3520	3.2482	68.9561	18.2552	18.4593	48.2186	-2.9605	45.4437	-2.2284	42.4136	-2.1802	39.8780	-1.1455	37.3071	-0.2048	34.6992	0.6266	32.0652	1.3654	29.3793	1.8885	26.6098	1.9158	23.9515	2.4638	21.3317	3.5353	18.7205	5.7831	15.9537	8.5321	13.0036	9.6820	9.9531	10.9112	6.8551	11.4759	3.5214	13.2477	0.2055	13.9199	-3.0697	13.9516	-6.4014	13.9684	-9.5847	13.2621	-12.5483	11.8685	-15.3880	10.2316	-17.8341	7.7993	-19.9591	4.9346	-20.7932	-0.0497	-21.2565	-5.0369	-21.3397	-10.0202	-21.6692	-14.0828	-22.4443	-17.1551	-23.2929	-19.8956	-24.7592	-21.7639	-26.0459	-23.7707	-27.5065	-25.5533	-28.0490	-28.1212	-28.4542	-30.6699	-28.7393	-33.1801	-29.3770	-35.3280	-29.9888	-37.4273	-30.5589	-39.4960	-32.2341	-40.9418	-33.5947	-42.6072
SC01	1.0980	29/11/2016 15:24:42	Dico paca lentamente	target_TD	81.9503	69.0564	82.5641	22.1519	24.4102	68.7577	23.0560	23.6816	48.1210	-3.1402	45.4124	-2.2920	42.4938	-1.9997	39.9487	-0.9677	37.3693	-0.0284	34.7559	0.8106	32.1047	1.5141	29.3690	1.8424	26.5511	1.5933	23.8147	1.4951	21.2431	2.6569	18.6410	4.4797	15.9386	7.8214	13.0150	9.0626	9.9967	10.1635	6.9292	10.7214	3.6307	12.4583	0.2184	13.8476	-3.0311	13.7766	-6.1819	13.1323	-9.4757	12.9052	-12.6406	12.1326	-15.7109	11.0501	-18.1388	8.4899	-20.1953	5.4170	-20.7406	-0.1471	-21.4020	-4.7911	-21.4609	-9.8329	-22.2450	-13.2660	-22.6081	-16.9413	-23.2833	-19.9073	-24.5407	-22.0064	-25.8214	-24.0009	-27.3399	-25.7111	-28.1040	-28.0732	-28.5875	-30.5624	-28.8781	-33.0769	-29.5392	-35.2171	-30.1364	-37.3349	-30.7450	-39.3895	-32.2776	-40.9192	-33.5639	-42.6217
SC01	1.1175	29/11/2016 15:24:57	Dico paga lentamente	max_TD	80.4140	72.1007	80.1472	-5.1327	3.2082	71.2792	38.6600	39.6004	49.4273	-0.7355	46.6532	0.2255	43.6844	0.6790	41.0468	1.7935	38.3664	2.8007	35.6504	3.7114	32.8856	4.4566	30.0781	5.0177	27.3600	6.0382	24.6299	7.2666	21.8363	8.5337	18.9229	9.1016	15.9650	9.0696	13.0072	9.4856	10.0019	10.0741	6.8425	11.6038	3.5561	12.9974	0.0416	14.8345	-3.4767	15.7975	-6.8994	15.8653	-9.6306	13.4125	-12.1338	10.6822	-13.8877	6.4297	-15.2515	1.9464	-16.1209	-2.9060	-17.5804	-6.0018	-19.2476	-8.4292	-20.5803	-11.1937	-20.9349	-15.1244	-21.4748	-18.4205	-22.2971	-21.0937	-23.7775	-22.8538	-24.9846	-24.8589	-25.7558	-27.2113	-25.7133	-30.1636	-26.1824	-32.5026	-26.7405	-34.6655	-27.6976	-36.4754	-28.2244	-38.5327	-28.9123	-40.4387	-29.6996	-42.2622	-30.5460	-44.0446
SC01	1.1060	29/11/2016 15:24:57	Dico paga lentamente	target_TD	80.1903	71.2430	80.1942	17.3569	19.0582	70.6890	50.1137	50.9109	49.2652	-1.0339	46.4195	-0.2487	43.3335	-0.1106	40.7139	0.9564	38.0684	1.9554	35.3858	2.8533	32.6656	3.6275	29.9335	4.3704	27.3320	5.8841	24.6430	7.3596	21.8042	8.2161	18.8884	8.5364	15.9582	8.7447	13.0048	9.6181	10.0067	9.9909	6.8453	11.5759	3.5500	13.0407	-0.0207	15.1822	-3.5172	15.9813	-6.9758	16.1565	-9.6193	13.3755	-12.0600	10.4711	-13.8029	6.2148	-15.1150	1.6369	-16.0020	-3.1487	-17.3510	-6.4268	-19.1185	-8.6471	-20.6936	-11.0185	-21.1542	-14.8132	-21.8328	-17.9532	-22.3261	-21.0588	-23.7081	-22.9309	-24.8471	-25.0000	-25.8387	-27.1328	-26.2039	-29.7347	-26.7517	-32.0433	-27.2165	-34.3117	-27.8980	-36.3385	-28.4863	-38.3687	-29.1546	-40.3000	-29.8904	-42.1628	-30.7072	-43.9686
